Course Title,Course Reference Number,TP Name,TP UEN,Programme Type,About This Course,What You'll Learn,TSC Category,TSC Title/Skill,Training Provider,WSQ/Non-WSQ,Appears in 11K list?
,TGS-2022012523,,,,,,Automation Management,Automated Operation Monitoring,NTUC LEARNINGHUB PTE. LTD.,SSG-WSQ,N
,TGS-2021008599,,,,,,Automation Management,Automated Operation Monitoring,I_NURTURE CONSULTANCY,SSG-WSQ,N
,TGS-2021008599,,,,,,Automation Management,Automation Process Control,I_NURTURE CONSULTANCY,SSG-WSQ,N
,TGS-2021010328,,,,,,Automation Management,Automated Operation Monitoring,Delta Senior School,SSG-WSQ,N
,TGS-2021010328,,,,,,Manufacturing and Operations,Cleanliness and Contamination Control,Delta Senior School,SSG-WSQ,N
,TGS-2022013976,,,,,,Automation Management,Automated Operation Monitoring,Social Service Institute (SSI),SSG-NON-WSQ,N
,TGS-2020504037,,,,,,Automation Management,Automated System Design,Institute of Technical Education,SSG-NON-WSQ,N
,TGS-2020504037,,,,,,Engineering and Manufacturing Fundamentals,Computer-aided Manufacturing,Institute of Technical Education,SSG-NON-WSQ,N
,TGS-2020510530,,,,,,Automation Management,Automated System Design,Institute of Technical Education,SSG-NON-WSQ,N
,TGS-2020510530,,,,,,Business and Organisational Management,Networking,Institute of Technical Education,SSG-NON-WSQ,N
,TGS-2021002910,,,,,,Automation Management,Automated System Design,Institute of Technical Education,SSG-NON-WSQ,N
,TGS-2022012119,,,,,,Automation Management,Automated System Design,Institute of Technical Education,SSG-NON-WSQ,N
,TGS-2022012120,,,,,,Automation Management,Automated System Design,Institute of Technical Education,SSG-NON-WSQ,N
,TGS-2019506927,,,,,,Automation Management,Automation Process Control,NATIONAL UNIVERSITY OF SINGAPORE,SSG-NON-WSQ,N
,TGS-2021010119,,,,,,Automation Management,Automation Process Control,Singapore Polytechnic,SSG-NON-WSQ,N
,TGS-2020501971,,,,,,Big Data Analytics,Data Analytics System Design,NATIONAL UNIVERSITY OF SINGAPORE,SSG-NON-WSQ,N
,TGS-2020501971,,,,,,Business and Organisational Management,Business Data Analysis,NATIONAL UNIVERSITY OF SINGAPORE,SSG-NON-WSQ,N
,TGS-2022010724,,,,,,Big Data Analytics,Data Analytics System Design,NATIONAL UNIVERSITY OF SINGAPORE,SSG-NON-WSQ,N
,TGS-2022010724,,,,,,Business and Organisational Management,Business Data Analysis,NATIONAL UNIVERSITY OF SINGAPORE,SSG-NON-WSQ,N
,TGS-2021007176,,,,,,Big Data Analytics,Data Analytics System Design,Singapore Institute of Management Group Limited,SSG-NON-WSQ,N
,TGS-2021007176,,,,,,Business and Organisational Management,Business Data Analysis,Singapore Institute of Management Group Limited,SSG-NON-WSQ,N
,TGS-2020503895,,,,,,Big Data Analytics,Data Analytics System Design,Institute of Technical Education,SSG-NON-WSQ,N
,TGS-2020503895,,,,,,Maintenance,Equipment Maintenance,Institute of Technical Education,SSG-NON-WSQ,N
,TGS-2020503895,,,,,,Product Development,Manufacturing Process Design,Institute of Technical Education,SSG-NON-WSQ,N
,TGS-2020503895,,,,,,Quality Management,Quality System Management,Institute of Technical Education,SSG-NON-WSQ,N
,TGS-2021009230,,,,,,Big Data Analytics,Data Analytics System Design,Singapore Polytechnic,SSG-NON-WSQ,N
,TGS-2021009230,,,,,,Business and Organisational Management,Business Data Analysis,Singapore Polytechnic,SSG-NON-WSQ,N
,TGS-2021009236,,,,,,Big Data Analytics,Data Analytics System Design,Singapore Polytechnic,SSG-NON-WSQ,N
,TGS-2021009236,,,,,,Business and Organisational Management,Business Data Analysis,Singapore Polytechnic,SSG-NON-WSQ,N
,TGS-2021009256,,,,,,Big Data Analytics,Data Analytics System Design,Singapore Polytechnic,SSG-NON-WSQ,N
,TGS-2021009256,,,,,,Quality Management,Failure Analysis,Singapore Polytechnic,SSG-NON-WSQ,N
,TGS-2019502727,,,,,,Business and Organisational Management,Business Data Analysis,TOURISM MANAGEMENT INSTITUTE OF SINGAPORE PTE LTD,SSG-WSQ,N
,TGS-2019502727,,,,,,Business and Organisational Management,Business Planning,TOURISM MANAGEMENT INSTITUTE OF SINGAPORE PTE LTD,SSG-WSQ,N
,TGS-2022015961,,,,,,Business and Organisational Management,Business Data Analysis,SINGAPORE MANAGEMENT UNIVERSITY,SSG-NON-WSQ,N
,TGS-2021002596,,,,,,Business and Organisational Management,Business Data Analysis,SINGAPORE UNIVERSITY OF SOCIAL SCIENCES,SSG-NON-WSQ,N
,TGS-2020001449,,,,,,Business and Organisational Management,Business Data Analysis,NATIONAL UNIVERSITY OF SINGAPORE,SSG-NON-WSQ,N
,TGS-2020502139,,,,,,Business and Organisational Management,Business Data Analysis,NATIONAL UNIVERSITY OF SINGAPORE,SSG-NON-WSQ,N
,TGS-2020502139,,,,,,Business and Organisational Management,Project Management,NATIONAL UNIVERSITY OF SINGAPORE,SSG-NON-WSQ,N
,TGS-2020500122,,,,,,Business and Organisational Management,Business Data Analysis,EVERYDAYEXCEL BUSINESS LAB PTE. LTD.,SSG-NON-WSQ,N
,TGS-2023037435,,,,,,Business and Organisational Management,Business Data Analysis,SINGAPORE UNIVERSITY OF TECHNOLOGY AND DESIGN,SSG-NON-WSQ,N
,TGS-2022013360,,,,,,Business and Organisational Management,Business Data Analysis,GLOBAL ICT TRAINING & CERTIFICATION PTE. LTD.,SSG-WSQ,N
,TGS-2022010679,,,,,,Business and Organisational Management,Business Data Analysis,LONDON SCHOOL OF BUSINESS & FINANCE PTE. LTD.,SSG-WSQ,N
,TGS-2021010370,,,,,,Business and Organisational Management,Business Data Analysis,ACADEMY OF DESIGN ARTS AND MEDIA PTE. LTD.,SSG-WSQ,N
,TGS-2022016585,,,,,,Business and Organisational Management,Business Data Analysis,SINGAPORE PRODUCTIVITY CENTRE PTE. LTD.,SSG-NON-WSQ,N
,TGS-2021004605,,,,,,Business and Organisational Management,Business Data Analysis,DIGI-SMART CONSULTING PTE. LTD.,SSG-WSQ,N
,TGS-2021006370,,,,,,Business and Organisational Management,Business Data Analysis,SUPPLY CHAIN & LOGISTICS ACADEMY PTE. LTD.,SSG-WSQ,N
,TGS-2022014175,,,,,,Business and Organisational Management,Business Data Analysis,VIBES GROUP PTE. LTD.,SSG-NON-WSQ,N
,TGS-2020513170,,,,,,Business and Organisational Management,Business Data Analysis,Institute of Technical Education,SSG-NON-WSQ,N
,TGS-2020502915,,,,,,Business and Organisational Management,Business Data Analysis,Ngee Ann Polytechnic,SSG-NON-WSQ,N
,TGS-2023020863,,,,,,Business and Organisational Management,Business Data Analysis,Ngee Ann Polytechnic,SSG-NON-WSQ,N
,TGS-2023020864,,,,,,Business and Organisational Management,Business Data Analysis,Ngee Ann Polytechnic,SSG-NON-WSQ,N
,TGS-2018508695,,,,,,Business and Organisational Management,Business Data Analysis,Republic Polytechnic,SSG-NON-WSQ,N
,TGS-2018508698,,,,,,Business and Organisational Management,Business Data Analysis,Republic Polytechnic,SSG-NON-WSQ,N
,TGS-2021002057,,,,,,Business and Organisational Management,Business Data Analysis,Singapore Polytechnic,SSG-NON-WSQ,N
,TGS-2021009259,,,,,,Business and Organisational Management,Business Data Analysis,Singapore Polytechnic,SSG-NON-WSQ,N
,TGS-2021009259,,,,,,Business and Organisational Management,Organisational Analysis,Singapore Polytechnic,SSG-NON-WSQ,N
,TGS-2021009260,,,,,,Business and Organisational Management,Business Data Analysis,Singapore Polytechnic,SSG-NON-WSQ,N
,TGS-2021009339,,,,,,Business and Organisational Management,Business Data Analysis,Singapore Polytechnic,SSG-NON-WSQ,N
,TGS-2021010122,,,,,,Business and Organisational Management,Business Data Analysis,Singapore Polytechnic,SSG-NON-WSQ,N
,TGS-2021010124,,,,,,Business and Organisational Management,Business Data Analysis,Singapore Polytechnic,SSG-NON-WSQ,N
,TGS-2021010125,,,,,,Business and Organisational Management,Business Data Analysis,Singapore Polytechnic,SSG-NON-WSQ,N
,TGS-2022017607,,,,,,Business and Organisational Management,Business Data Analysis,Singapore Polytechnic,SSG-NON-WSQ,N
,TGS-2023018628,,,,,,Business and Organisational Management,Business Data Analysis,Temasek Polytechnic,SSG-WSQ,N
,TGS-2022011253,,,,,,Business and Organisational Management,Business Innovation,TRAINING VISION INSTITUTE PTE. LTD.,SSG-WSQ,N
,TGS-2022011253,,,,,,Organisational Development,Change Management,TRAINING VISION INSTITUTE PTE. LTD.,SSG-WSQ,N
,TGS-2023037100,,,,,,Business and Organisational Management,Business Innovation,SINGAPORE UNIVERSITY OF SOCIAL SCIENCES,SSG-NON-WSQ,N
,TGS-2023037100,,,,,,Organisational Development,Change Management,SINGAPORE UNIVERSITY OF SOCIAL SCIENCES,SSG-NON-WSQ,N
,TGS-2020001485,,,,,,Business and Organisational Management,Business Innovation,NATIONAL UNIVERSITY OF SINGAPORE,SSG-NON-WSQ,N
,TGS-2020001485,,,,,,Organisational Development,Change Management,NATIONAL UNIVERSITY OF SINGAPORE,SSG-NON-WSQ,N
,TGS-2020503537,,,,,,Business and Organisational Management,Business Innovation,NATIONAL UNIVERSITY OF SINGAPORE,SSG-NON-WSQ,N
,TGS-2019504854,,,,,,Business and Organisational Management,Business Innovation,EDULEARN INTERNATIONAL COLLEGE PTE. LTD.,SSG-WSQ,N
,TGS-2023019432,,,,,,Business and Organisational Management,Business Innovation,SINGAPORE INSTITUTE OF MANAGEMENT GROUP LIMITED,SSG-NON-WSQ,N
,TGS-2023019432,,,,,,Productivity and Innovation,Innovation Management,SINGAPORE INSTITUTE OF MANAGEMENT GROUP LIMITED,SSG-NON-WSQ,N
,TGS-2023019432,,,,,,Quality Management,Failure Analysis,SINGAPORE INSTITUTE OF MANAGEMENT GROUP LIMITED,SSG-NON-WSQ,N
,TGS-2019504571,,,,,,Business and Organisational Management,Business Innovation,I_NURTURE CONSULTANCY,SSG-WSQ,N
,TGS-2019500405,,,,,,Business and Organisational Management,Business Innovation,Nanyang Polytechnic,SSG-NON-WSQ,N
,TGS-2019500405,,,,,,Productivity and Innovation,Innovation Management,Nanyang Polytechnic,SSG-NON-WSQ,N
,TGS-2020502914,,,,,,Business and Organisational Management,Business Innovation,Ngee Ann Polytechnic,SSG-NON-WSQ,N
,TGS-2018508689,,,,,,Business and Organisational Management,Business Innovation,Republic Polytechnic,SSG-NON-WSQ,N
,TGS-2018508696,,,,,,Business and Organisational Management,Business Innovation,Republic Polytechnic,SSG-NON-WSQ,N
,TGS-2018508706,,,,,,Business and Organisational Management,Business Innovation,Republic Polytechnic,SSG-NON-WSQ,N
,TGS-2018508706,,,,,,Productivity and Innovation,Innovation Management,Republic Polytechnic,SSG-NON-WSQ,N
,TGS-2018508706,,,,,,Value Engineering,Lean Manufacturing,Republic Polytechnic,SSG-NON-WSQ,N
,TGS-2018508707,,,,,,Business and Organisational Management,Business Innovation,Republic Polytechnic,SSG-NON-WSQ,N
,TGS-2022015236,,,,,,Business and Organisational Management,Business Planning,TEXTILE AND FASHION INDUSTRY TRAINING CENTRE PTE LTD,SSG-WSQ,N
,TGS-2022015236,,,,,,Business and Organisational Management,Networking,TEXTILE AND FASHION INDUSTRY TRAINING CENTRE PTE LTD,SSG-WSQ,N
,TGS-2022015236,,,,,,Business and Organisational Management,Organisational Analysis,TEXTILE AND FASHION INDUSTRY TRAINING CENTRE PTE LTD,SSG-WSQ,N
,TGS-2022015236,,,,,,Business and Organisational Management,Project Management,TEXTILE AND FASHION INDUSTRY TRAINING CENTRE PTE LTD,SSG-WSQ,N
,TGS-2022015236,,,,,,Quality Management,Quality System Management,TEXTILE AND FASHION INDUSTRY TRAINING CENTRE PTE LTD,SSG-WSQ,N
,TGS-2022011252,,,,,,Business and Organisational Management,Business Planning,TRAINING VISION INSTITUTE PTE. LTD.,SSG-WSQ,N
,TGS-2022011252,,,,,,Organisational Development,Vision Leadership,TRAINING VISION INSTITUTE PTE. LTD.,SSG-WSQ,N
,TGS-2022013322,,,,,,Business and Organisational Management,Business Planning,IMPERIAL TRAINING INSTITUTE PTE. LTD.,SSG-WSQ,N
,TGS-2022013322,,,,,,Business and Organisational Management,Networking,IMPERIAL TRAINING INSTITUTE PTE. LTD.,SSG-WSQ,N
,TGS-2022010847,,,,,,Business and Organisational Management,Business Planning,HUMAN CAPITAL (SINGAPORE) PTE. LTD.,SSG-WSQ,N
,TGS-2022010912,,,,,,Business and Organisational Management,Business Planning,GEX ACADEMY PTE. LTD.,SSG-NON-WSQ,N
,TGS-2021006372,,,,,,Business and Organisational Management,Business Planning,SUPPLY CHAIN & LOGISTICS ACADEMY PTE. LTD.,SSG-WSQ,N
,TGS-2021006372,,,,,,Business and Organisational Management,Networking,SUPPLY CHAIN & LOGISTICS ACADEMY PTE. LTD.,SSG-WSQ,N
,TGS-2021006372,,,,,,Business and Organisational Management,Organisational Analysis,SUPPLY CHAIN & LOGISTICS ACADEMY PTE. LTD.,SSG-WSQ,N
,TGS-2021006372,,,,,,Organisational Development,Change Management,SUPPLY CHAIN & LOGISTICS ACADEMY PTE. LTD.,SSG-WSQ,N
,TGS-2021006372,,,,,,Productivity and Innovation,Innovation Management,SUPPLY CHAIN & LOGISTICS ACADEMY PTE. LTD.,SSG-WSQ,N
,TGS-2021006372,,,,,,Quality Management,Quality System Management,SUPPLY CHAIN & LOGISTICS ACADEMY PTE. LTD.,SSG-WSQ,N
,TGS-2020505807,,,,,,Business and Organisational Management,Business Planning,OSMIUM PTE. LTD.,SSG-WSQ,N
,TGS-2020505807,,,,,,Business and Organisational Management,Networking,OSMIUM PTE. LTD.,SSG-WSQ,N
,TGS-2020513737,,,,,,Business and Organisational Management,Business Planning,OSMIUM PTE. LTD.,SSG-WSQ,N
,TGS-2020513737,,,,,,Business and Organisational Management,Organisational Analysis,OSMIUM PTE. LTD.,SSG-WSQ,N
,TGS-2020513737,,,,,,Organisational Development,Vision Leadership,OSMIUM PTE. LTD.,SSG-WSQ,N
,TGS-2020513737,,,,,,Productivity and Innovation,Innovation Management,OSMIUM PTE. LTD.,SSG-WSQ,N
,TGS-2020513737,,,,,,Quality Management,Quality System Management,OSMIUM PTE. LTD.,SSG-WSQ,N
,TGS-2020513737,,,,,,Value Engineering,Value Analysis,OSMIUM PTE. LTD.,SSG-WSQ,N
,TGS-2020503795,,,,,,Business and Organisational Management,Business Planning,I_NURTURE CONSULTANCY,SSG-WSQ,N
,TGS-2017500029,,,,,,Business and Organisational Management,Business Planning,Management Development Institute of Singapore (MDIS),SSG-NON-WSQ,N
,TGS-2017500029,,,,,,Productivity and Innovation,Innovation Management,Management Development Institute of Singapore (MDIS),SSG-NON-WSQ,N
,TGS-2018500115,,,,,,Business and Organisational Management,Business Planning,Nanyang Polytechnic,SSG-NON-WSQ,N
,TGS-2018500118,,,,,,Business and Organisational Management,Business Planning,Nanyang Polytechnic,SSG-NON-WSQ,N
,TGS-2019500403,,,,,,Business and Organisational Management,Business Planning,Nanyang Polytechnic,SSG-NON-WSQ,N
,TGS-2015502983,,,,,,Business and Organisational Management,Competitive Business Strategy,SINGAPORE MANAGEMENT UNIVERSITY,SSG-NON-WSQ,N
,TGS-2020503535,,,,,,Business and Organisational Management,Competitive Business Strategy,NATIONAL UNIVERSITY OF SINGAPORE,SSG-NON-WSQ,N
,TGS-2021009567,,,,,,Business and Organisational Management,Competitive Business Strategy,ACCTRAIN ACADEMY PTE. LTD.,SSG-WSQ,N
,TGS-2021009567,,,,,,Business and Organisational Management,Enterprise Risk Management,ACCTRAIN ACADEMY PTE. LTD.,SSG-WSQ,N
,TGS-2021009567,,,,,,Network Technology Management,Cyber Risk Management,ACCTRAIN ACADEMY PTE. LTD.,SSG-WSQ,N
,TGS-2022010785,,,,,,Business and Organisational Management,Competitive Business Strategy,ACCTRAIN ACADEMY PTE. LTD.,SSG-WSQ,N
,TGS-2022010785,,,,,,Business and Organisational Management,Enterprise Risk Management,ACCTRAIN ACADEMY PTE. LTD.,SSG-WSQ,N
,TGS-2022010785,,,,,,Network Technology Management,Cyber Risk Management,ACCTRAIN ACADEMY PTE. LTD.,SSG-WSQ,N
,TGS-2020501981,,,,,,Business and Organisational Management,Competitive Business Strategy,SINGAPORE CHINESE CHAMBER INSTITUTE OF BUSINESS,SSG-NON-WSQ,N
,TGS-2020513244,,,,,,Business and Organisational Management,Competitive Business Strategy,SINGAPORE CHINESE CHAMBER INSTITUTE OF BUSINESS,SSG-NON-WSQ,N
,TGS-2022014374,,,,,,Business and Organisational Management,Competitive Business Strategy,Ngee Ann Polytechnic,SSG-NON-WSQ,N
,TGS-2012500986,,,,,,Business and Organisational Management,Enterprise Risk Management,SERVICE QUALITY CENTRE PTE. LTD.,SSG-WSQ,N
,TGS-2012500986,,,,,,Workplace Safety and Health Management,Workplace Safety and Health Practice,SERVICE QUALITY CENTRE PTE. LTD.,SSG-WSQ,N
,TGS-2012500986,,,,,,Workplace Safety and Health Management,Workplace Safety and Health System Management,SERVICE QUALITY CENTRE PTE. LTD.,SSG-WSQ,N
,TGS-2022014809,,,,,,Business and Organisational Management,Enterprise Risk Management,IMPERIAL TRAINING INSTITUTE PTE. LTD.,SSG-WSQ,N
,TGS-2018501762,,,,,,Business and Organisational Management,Enterprise Risk Management,NTUC LEARNINGHUB PTE. LTD.,SSG-WSQ,N
,TGS-2018501762,,,,,,Network Technology Management,Cyber Risk Management,NTUC LEARNINGHUB PTE. LTD.,SSG-WSQ,N
,TGS-2019504179,,,,,,Business and Organisational Management,Enterprise Risk Management,NTUC LEARNINGHUB PTE. LTD.,SSG-WSQ,N
,TGS-2019504179,,,,,,Workplace Safety and Health Management,Workplace Safety and Health System Management,NTUC LEARNINGHUB PTE. LTD.,SSG-WSQ,N
,TGS-2020507421,,,,,,Business and Organisational Management,Enterprise Risk Management,NATIONAL UNIVERSITY OF SINGAPORE,SSG-NON-WSQ,N
,TGS-2012501097,,,,,,Business and Organisational Management,Enterprise Risk Management,ACE EHS SINGAPORE PTE. LTD.,SSG-WSQ,N
,TGS-2013500452,,,,,,Business and Organisational Management,Enterprise Risk Management,ESIS ACADEMY PTE. LTD.,SSG-WSQ,N
,TGS-2013500452,,,,,,Workplace Safety and Health Management,Workplace Safety and Health System Management,ESIS ACADEMY PTE. LTD.,SSG-WSQ,N
,TGS-2022017199,,,,,,Business and Organisational Management,Enterprise Risk Management,Social Service Institute (SSI),SSG-WSQ,N
,TGS-2018500345,,,,,,Business and Organisational Management,Networking,LITHAN ACADEMY PTE. LTD.,SSG-WSQ,N
,TGS-2021009557,,,,,,Business and Organisational Management,Networking,NTUC LEARNINGHUB PTE. LTD.,SSG-WSQ,N
,TGS-2021010244,,,,,,Business and Organisational Management,Networking,NTUC LEARNINGHUB PTE. LTD.,SSG-WSQ,N
,TGS-2022010614,,,,,,Business and Organisational Management,Networking,NTUC LEARNINGHUB PTE. LTD.,SSG-WSQ,N
,TGS-2022010614,,,,,,Network Technology Management,Cyber Risk Management,NTUC LEARNINGHUB PTE. LTD.,SSG-WSQ,N
,TGS-2023019606,,,,,,Business and Organisational Management,Networking,NTUC LEARNINGHUB PTE. LTD.,SSG-WSQ,N
,TGS-2023037256,,,,,,Business and Organisational Management,Networking,SINGAPORE UNIVERSITY OF SOCIAL SCIENCES,SSG-NON-WSQ,N
,TGS-2022011557,,,,,,Business and Organisational Management,Networking,NATIONAL UNIVERSITY OF SINGAPORE,SSG-NON-WSQ,N
,TGS-2022011559,,,,,,Business and Organisational Management,Networking,NATIONAL UNIVERSITY OF SINGAPORE,SSG-NON-WSQ,N
,TGS-2022012269,,,,,,Business and Organisational Management,Networking,NATIONAL UNIVERSITY OF SINGAPORE,SSG-NON-WSQ,N
,TGS-2022012340,,,,,,Business and Organisational Management,Networking,NATIONAL UNIVERSITY OF SINGAPORE,SSG-NON-WSQ,N
,TGS-2019504986,,,,,,Business and Organisational Management,Networking,TERTIARY INFOTECH PTE. LTD.,SSG-NON-WSQ,N
,TGS-2020501206,,,,,,Business and Organisational Management,Networking,TERTIARY INFOTECH PTE. LTD.,SSG-NON-WSQ,N
,TGS-2022014214,,,,,,Business and Organisational Management,Networking,SBS TRANSIT RAIL PTE. LTD.,SSG-NON-WSQ,N
,TGS-2022014214,,,,,,Business and Organisational Management,Project Management,SBS TRANSIT RAIL PTE. LTD.,SSG-NON-WSQ,N
,TGS-2020502961,,,,,,Business and Organisational Management,Networking,I_NURTURE CONSULTANCY,SSG-WSQ,N
,TGS-2020502961,,,,,,Organisational Development,Conflict Management,I_NURTURE CONSULTANCY,SSG-WSQ,N
,TGS-2020501985,,,,,,Business and Organisational Management,Networking,SINGAPORE CHINESE CHAMBER INSTITUTE OF BUSINESS,SSG-NON-WSQ,N
,TGS-2020513248,,,,,,Business and Organisational Management,Networking,SINGAPORE CHINESE CHAMBER INSTITUTE OF BUSINESS,SSG-NON-WSQ,N
,TGS-2022011614,,,,,,Business and Organisational Management,Networking,RSVP Singapore,SSG-NON-WSQ,N
,TGS-2015502292,,,,,,Business and Organisational Management,Networking,Institute of Technical Education,SSG-NON-WSQ,N
,TGS-2020503891,,,,,,Business and Organisational Management,Networking,Institute of Technical Education,SSG-NON-WSQ,N
,TGS-2020503891,,,,,,Quality Management,Quality System Management,Institute of Technical Education,SSG-NON-WSQ,N
,TGS-2020503892,,,,,,Business and Organisational Management,Networking,Institute of Technical Education,SSG-NON-WSQ,N
,TGS-2020503892,,,,,,Quality Management,Quality System Management,Institute of Technical Education,SSG-NON-WSQ,N
,TGS-2020503932,,,,,,Business and Organisational Management,Networking,Institute of Technical Education,SSG-NON-WSQ,N
,TGS-2020503932,,,,,,Quality Management,Quality System Management,Institute of Technical Education,SSG-NON-WSQ,N
,TGS-2020503934,,,,,,Business and Organisational Management,Networking,Institute of Technical Education,SSG-NON-WSQ,N
,TGS-2020503934,,,,,,Quality Management,Quality System Management,Institute of Technical Education,SSG-NON-WSQ,N
,TGS-2020504383,,,,,,Business and Organisational Management,Networking,Institute of Technical Education,SSG-NON-WSQ,N
,TGS-2020510526,,,,,,Business and Organisational Management,Networking,Institute of Technical Education,SSG-NON-WSQ,N
,TGS-2021002845,,,,,,Business and Organisational Management,Networking,Institute of Technical Education,SSG-NON-WSQ,N
,TGS-2021002911,,,,,,Business and Organisational Management,Networking,Institute of Technical Education,SSG-NON-WSQ,N
,TGS-2021008144,,,,,,Business and Organisational Management,Networking,Institute of Technical Education,SSG-NON-WSQ,N
,TGS-2022015979,,,,,,Business and Organisational Management,Networking,Institute of Technical Education,SSG-NON-WSQ,N
,TGS-2018500742,,,,,,Business and Organisational Management,Networking,Nanyang Polytechnic,SSG-NON-WSQ,N
,TGS-2018500742,,,,,,Manufacturing and Operations,Manufacturing Technology,Nanyang Polytechnic,SSG-NON-WSQ,N
,TGS-2018500743,,,,,,Business and Organisational Management,Networking,Nanyang Polytechnic,SSG-NON-WSQ,N
,TGS-2018500755,,,,,,Business and Organisational Management,Networking,Nanyang Polytechnic,SSG-NON-WSQ,N
,TGS-2022015611,,,,,,Business and Organisational Management,Networking,Social Service Institute (SSI),SSG-WSQ,N
,TGS-2022015611,,,,,,Business and Organisational Management,Project Management,Social Service Institute (SSI),SSG-WSQ,N
,TGS-2015502960,,,,,,Business and Organisational Management,Networking,Republic Polytechnic,SSG-NON-WSQ,N
,TGS-2019508665,,,,,,Business and Organisational Management,Networking,Republic Polytechnic,SSG-NON-WSQ,N
,TGS-2021005426,,,,,,Business and Organisational Management,Networking,Republic Polytechnic,SSG-NON-WSQ,N
,TGS-2018508841,,,,,,Business and Organisational Management,Networking,Singapore Polytechnic,SSG-NON-WSQ,N
,TGS-2021009340,,,,,,Business and Organisational Management,Networking,Singapore Polytechnic,SSG-NON-WSQ,N
,TGS-2012500953,,,,,,Business and Organisational Management,Organisational Analysis,SBS TRANSIT LTD,SSG-NON-WSQ,N
,TGS-2021008593,,,,,,Business and Organisational Management,Organisational Analysis,OSMIUM PTE. LTD.,SSG-WSQ,N
,TGS-2021008593,,,,,,Manufacturing and Operations,Cleanliness and Contamination Control,OSMIUM PTE. LTD.,SSG-WSQ,N
,TGS-2021008593,,,,,,Organisational Development,Conflict Management,OSMIUM PTE. LTD.,SSG-WSQ,N
,TGS-2021007264,,,,,,Business and Organisational Management,Organisational Analysis,I_NURTURE CONSULTANCY,SSG-WSQ,N
,TGS-2023022213,,,,,,Business and Organisational Management,Organisational Analysis,Social Service Institute (SSI),SSG-NON-WSQ,N
,TGS-2023022213,,,,,,Organisational Development,Conflict Management,Social Service Institute (SSI),SSG-NON-WSQ,N
,TGS-2023022225,,,,,,Business and Organisational Management,Organisational Analysis,Social Service Institute (SSI),SSG-NON-WSQ,N
,TGS-2023022225,,,,,,Organisational Development,Conflict Management,Social Service Institute (SSI),SSG-NON-WSQ,N
,TGS-2022011275,,,,,,Business and Organisational Management,Project Management,TRAINING VISION INSTITUTE PTE. LTD.,SSG-WSQ,N
,TGS-2022011275,,,,,,Business and Organisational Management,Risk Compliance and Governance,TRAINING VISION INSTITUTE PTE. LTD.,SSG-WSQ,N
,TGS-2022011275,,,,,,Organisational Development,Conflict Management,TRAINING VISION INSTITUTE PTE. LTD.,SSG-WSQ,N
,TGS-2022011275,,,,,,Organisational Development,Vision Leadership,TRAINING VISION INSTITUTE PTE. LTD.,SSG-WSQ,N
,TGS-2022012627,,,,,,Business and Organisational Management,Project Management,TRAINING VISION INSTITUTE PTE. LTD.,SSG-WSQ,N
,TGS-2022012627,,,,,,Organisational Development,Vision Leadership,TRAINING VISION INSTITUTE PTE. LTD.,SSG-WSQ,N
,TGS-2021009635,,,,,,Business and Organisational Management,Project Management,CENTRE FOR PERFORMANCE TRANSFORMATION (PTE.) LTD.,SSG-NON-WSQ,N
,TGS-2021009635,,,,,,Productivity and Innovation,Continuous Process Improvement,CENTRE FOR PERFORMANCE TRANSFORMATION (PTE.) LTD.,SSG-NON-WSQ,N
,TGS-2020502942,,,,,,Business and Organisational Management,Project Management,SINGAPORE MANAGEMENT UNIVERSITY,SSG-NON-WSQ,N
,TGS-2023037188,,,,,,Business and Organisational Management,Project Management,SINGAPORE UNIVERSITY OF SOCIAL SCIENCES,SSG-NON-WSQ,N
,TGS-2020001486,,,,,,Business and Organisational Management,Project Management,NATIONAL UNIVERSITY OF SINGAPORE,SSG-NON-WSQ,N
,TGS-2021008592,,,,,,Business and Organisational Management,Project Management,MONOCHROME LEARNING SOLUTIONS PTE. LTD.,SSG-WSQ,N
,TGS-2021005966,,,,,,Business and Organisational Management,Project Management,IES Academy Pte. Ltd.,SSG-NON-WSQ,N
,TGS-2015502151,,,,,,Business and Organisational Management,Project Management,Institute of Technical Education,SSG-NON-WSQ,N
,TGS-2020503887,,,,,,Business and Organisational Management,Project Management,Institute of Technical Education,SSG-NON-WSQ,N
,TGS-2020503890,,,,,,Business and Organisational Management,Project Management,Institute of Technical Education,SSG-NON-WSQ,N
,TGS-2020503929,,,,,,Business and Organisational Management,Project Management,Institute of Technical Education,SSG-NON-WSQ,N
,TGS-2020513161,,,,,,Business and Organisational Management,Project Management,Institute of Technical Education,SSG-NON-WSQ,N
,TGS-2021005279,,,,,,Business and Organisational Management,Project Management,Ngee Ann Polytechnic,SSG-NON-WSQ,N
,TGS-2021003408,,,,,,Business and Organisational Management,Project Management,Temasek Polytechnic,SSG-NON-WSQ,N
,TGS-2021008883,,,,,,Business and Organisational Management,Project Management,Temasek Polytechnic,SSG-NON-WSQ,N
,TGS-2023036180,,,,,,Business and Organisational Management,Project Management,Temasek Polytechnic,SSG-NON-WSQ,N
,TGS-2023036182,,,,,,Business and Organisational Management,Project Management,Temasek Polytechnic,SSG-NON-WSQ,N
,TGS-2020504743,,,,,,Business and Organisational Management,Risk Compliance and Governance,QUESH CONSULTANTS (PTE.) LTD.,SSG-WSQ,N
,TGS-2020504743,,,,,,Quality Management,Quality System Management,QUESH CONSULTANTS (PTE.) LTD.,SSG-WSQ,N
,TGS-2021003205,,,,,,Business and Organisational Management,Risk Compliance and Governance,QUESH CONSULTANTS (PTE.) LTD.,SSG-WSQ,N
,TGS-2021003205,,,,,,Quality Management,Quality System Management,QUESH CONSULTANTS (PTE.) LTD.,SSG-WSQ,N
,TGS-2021009233,,,,,,Engineering and Manufacturing Fundamentals,Computer-aided Design,Singapore Polytechnic,SSG-NON-WSQ,N
,TGS-2021009233,,,,,,Precision Manufacturing Process,Additive Manufacturing,Singapore Polytechnic,SSG-NON-WSQ,N
,TGS-2021009233,,,,,,Precision Manufacturing Process,Machining,Singapore Polytechnic,SSG-NON-WSQ,N
,TGS-2021009234,,,,,,Engineering and Manufacturing Fundamentals,Computer-aided Design,Singapore Polytechnic,SSG-NON-WSQ,N
,TGS-2021009234,,,,,,Precision Manufacturing Process,Additive Manufacturing,Singapore Polytechnic,SSG-NON-WSQ,N
,TGS-2021009234,,,,,,Precision Manufacturing Process,Product and Machine Assembly,Singapore Polytechnic,SSG-NON-WSQ,N
,TGS-2020500260,,,,,,Engineering and Manufacturing Fundamentals,Hydraulic Systems Management,PSA CORPORATION LIMITED,SSG-NON-WSQ,N
,TGS-2023035713,,,,,,Engineering and Manufacturing Fundamentals,Polymeric Material Characterisation,SIEMENS PTE. LTD.,SSG-NON-WSQ,N
,TGS-2023035713,,,,,,Precision Manufacturing Process,Polymeric Additive Manufacturing,SIEMENS PTE. LTD.,SSG-NON-WSQ,N
,TGS-2021009269,,,,,,Maintenance,Equipment Maintenance,HANBAOBAO PTE. LTD.,SSG-NON-WSQ,N
,TGS-2021009269,,,,,,Maintenance,Maintenance Coordination,HANBAOBAO PTE. LTD.,SSG-NON-WSQ,N
,TGS-2019504983,,,,,,Maintenance,Equipment Maintenance,TOURISM MANAGEMENT INSTITUTE OF SINGAPORE PTE LTD,SSG-WSQ,N
,TGS-2021009704,,,,,,Maintenance,Equipment Maintenance,SEAGATE SINGAPORE INTERNATIONAL HEADQUARTERS PTE. LTD.,SSG-NON-WSQ,N
,TGS-2021009972,,,,,,Maintenance,Equipment Maintenance,EVERGREEN REFUSE DISPOSAL & CLEANING SERVICES PTE LTD,SSG-WSQ,N
,TGS-2019503462,,,,,,Maintenance,Equipment Maintenance,SMRT CORPORATION LTD,SSG-WSQ,N
,TGS-2019503462,,,,,,Maintenance,Maintenance Coordination,SMRT CORPORATION LTD,SSG-WSQ,N
,TGS-2018500072,,,,,,Maintenance,Equipment Maintenance,SBS TRANSIT RAIL PTE. LTD.,SSG-NON-WSQ,N
,TGS-2018500072,,,,,,Maintenance,Maintenance Coordination,SBS TRANSIT RAIL PTE. LTD.,SSG-NON-WSQ,N
,TGS-2023021713,,,,,,Maintenance,Equipment Maintenance,SINGAPORE PRODUCTIVITY CENTRE PTE. LTD.,SSG-NON-WSQ,N
,TGS-2020513446,,,,,,Maintenance,Equipment Maintenance,Waste Management and Recycling Association of Singapore,SSG-WSQ,N
,TGS-2020504000,,,,,,Maintenance,Equipment Maintenance,Institute of Technical Education,SSG-NON-WSQ,N
,TGS-2020510521,,,,,,Maintenance,Equipment Maintenance,Institute of Technical Education,SSG-NON-WSQ,N
,TGS-2021002915,,,,,,Maintenance,Equipment Maintenance,Institute of Technical Education,SSG-NON-WSQ,N
,TGS-2017506760,,,,,,Maintenance,Maintenance Coordination,Real Estate and Construction Centre,SSG-NON-WSQ,N
,TGS-2017506766,,,,,,Maintenance,Maintenance Coordination,Real Estate and Construction Centre,SSG-NON-WSQ,N
,TGS-2022010851,,,,,,Manufacturing and Operations,Cleanliness and Contamination Control,SETSCO SERVICES PTE LTD,SSG-WSQ,N
,TGS-2017501490,,,,,,Manufacturing and Operations,Cleanliness and Contamination Control,JP PEPPERDINE GROUP PTE. LTD.,SSG-WSQ,N
,TGS-2018500451,,,,,,Manufacturing and Operations,Cleanliness and Contamination Control,JP PEPPERDINE GROUP PTE. LTD.,SSG-WSQ,N
,TGS-2022011515,,,,,,Manufacturing and Operations,Cleanliness and Contamination Control,GUILFORD TRAINING CENTRE PTE LTD,SSG-WSQ,N
,TGS-2020503080,,,,,,Manufacturing and Operations,Cleanliness and Contamination Control,TRAINING MASTERS WORKFORCE INSTITUTE PTE LTD,SSG-WSQ,N
,TGS-2022011629,,,,,,Manufacturing and Operations,Cleanliness and Contamination Control,TRAINING MASTERS WORKFORCE INSTITUTE PTE LTD,SSG-WSQ,N
,TGS-2022010667,,,,,,Manufacturing and Operations,Cleanliness and Contamination Control,BREADTALK GROUP PTE. LTD.,SSG-WSQ,N
,TGS-2023037320,,,,,,Manufacturing and Operations,Cleanliness and Contamination Control,SINGAPORE UNIVERSITY OF SOCIAL SCIENCES,SSG-NON-WSQ,N
,TGS-2021009598,,,,,,Manufacturing and Operations,Cleanliness and Contamination Control,Integrated Training Consultants Pte. Ltd.,SSG-WSQ,N
,TGS-2022011228,,,,,,Manufacturing and Operations,Cleanliness and Contamination Control,EDUQUEST INTERNATIONAL INSTITUTE PTE. LTD.,SSG-WSQ,N
,TGS-2021010297,,,,,,Manufacturing and Operations,Cleanliness and Contamination Control,GREENSAFE INTERNATIONAL PTE. LTD.,SSG-WSQ,N
,TGS-2021008989,,,,,,Manufacturing and Operations,Cleanliness and Contamination Control,PARADISE GROUP HOLDINGS PTE. LTD.,SSG-WSQ,N
,TGS-2018500871,,,,,,Manufacturing and Operations,Cleanliness and Contamination Control,ASCENDO ACADEMY PTE. LTD.,SSG-WSQ,N
,TGS-2020505364,,,,,,Manufacturing and Operations,Cleanliness and Contamination Control,BETTR BARISTA PTE. LTD.,SSG-WSQ,N
,TGS-2021010383,,,,,,Manufacturing and Operations,Cleanliness and Contamination Control,WORK WORK PRIVATE LIMITED,SSG-WSQ,N
,TGS-2021010383,,,,,,Workplace Safety and Health Management,Workplace Safety and Health Practice,WORK WORK PRIVATE LIMITED,SSG-WSQ,N
,TGS-2016500618,,,,,,Manufacturing and Operations,Cleanliness and Contamination Control,Delta Senior School,SSG-WSQ,N
,TGS-2017501127,,,,,,Manufacturing and Operations,Cleanliness and Contamination Control,Delta Senior School,SSG-WSQ,N
,TGS-2019504385,,,,,,Manufacturing and Operations,Cleanliness and Contamination Control,Nanyang Polytechnic,SSG-WSQ,N
,TGS-2020513350,,,,,,Manufacturing and Operations,Cleanliness and Contamination Control,Nanyang Polytechnic,SSG-WSQ,N
,TGS-2018508725,,,,,,Manufacturing and Operations,Cleanliness and Contamination Control,Republic Polytechnic,SSG-NON-WSQ,N
,TGS-2022011178,,,,,,Manufacturing and Operations,Cleanliness and Contamination Control,Singapore Polytechnic,SSG-NON-WSQ,N
,TGS-2010506021,,,,,,Manufacturing and Operations,Cleanliness and Contamination Control,Temasek Polytechnic,SSG-WSQ,N
,TGS-2023018597,,,,,,Manufacturing and Operations,Cleanliness and Contamination Control,Temasek Polytechnic,SSG-WSQ,N
,TGS-2022015443,,,,,,Manufacturing and Operations,Manufacturing Process Management,TEXTILE AND FASHION INDUSTRY TRAINING CENTRE PTE LTD,SSG-WSQ,N
,TGS-2022015443,,,,,,Quality Management,Quality System Management,TEXTILE AND FASHION INDUSTRY TRAINING CENTRE PTE LTD,SSG-WSQ,N
,TGS-2020510522,,,,,,Manufacturing and Operations,Manufacturing Process Management,Institute of Technical Education,SSG-NON-WSQ,N
,TGS-2012501135,,,,,,Manufacturing and Operations,Manufacturing Technology,KEPPEL FELS LIMITED,SSG-WSQ,N
,TGS-2022015448,,,,,,Manufacturing and Operations,Manufacturing Technology,TEXTILE AND FASHION INDUSTRY TRAINING CENTRE PTE LTD,SSG-NON-WSQ,N
,TGS-2022015448,,,,,,Precision Manufacturing Process,Cutting,TEXTILE AND FASHION INDUSTRY TRAINING CENTRE PTE LTD,SSG-NON-WSQ,N
,TGS-2022015448,,,,,,Value Engineering,Sustainable Manufacturing,TEXTILE AND FASHION INDUSTRY TRAINING CENTRE PTE LTD,SSG-NON-WSQ,N
,TGS-2018502146,,,,,,Manufacturing and Operations,Manufacturing Technology,GLOBALFOUNDRIES SINGAPORE PTE. LTD.,SSG-WSQ,N
,TGS-2018502308,,,,,,Manufacturing and Operations,Manufacturing Technology,GLOBALFOUNDRIES SINGAPORE PTE. LTD.,SSG-WSQ,N
,TGS-2023035709,,,,,,Manufacturing and Operations,Manufacturing Technology,SIEMENS PTE. LTD.,SSG-NON-WSQ,N
,TGS-2023035709,,,,,,Organisational Development,Change Management,SIEMENS PTE. LTD.,SSG-NON-WSQ,N
,TGS-2023035709,,,,,,Precision Manufacturing Process,Additive Manufacturing,SIEMENS PTE. LTD.,SSG-NON-WSQ,N
,TGS-2023035709,,,,,,Precision Manufacturing Process,Metal-based Additive Manufacturing,SIEMENS PTE. LTD.,SSG-NON-WSQ,N
,TGS-2023035709,,,,,,Precision Manufacturing Process,Polymeric Additive Manufacturing,SIEMENS PTE. LTD.,SSG-NON-WSQ,N
,TGS-2020001443,,,,,,Manufacturing and Operations,Manufacturing Technology,NATIONAL UNIVERSITY OF SINGAPORE,SSG-NON-WSQ,N
,TGS-2020507497,,,,,,Manufacturing and Operations,Manufacturing Technology,NATIONAL UNIVERSITY OF SINGAPORE,SSG-NON-WSQ,N
,TGS-2020507498,,,,,,Manufacturing and Operations,Manufacturing Technology,NATIONAL UNIVERSITY OF SINGAPORE,SSG-NON-WSQ,N
,TGS-2020507498,,,,,,Precision Manufacturing Process,Additive Manufacturing,NATIONAL UNIVERSITY OF SINGAPORE,SSG-NON-WSQ,N
,TGS-2020513714,,,,,,Manufacturing and Operations,Manufacturing Technology,CONCORD ASSOCIATES PTE. LTD.,SSG-WSQ,N
,TGS-2023018263,,,,,,Manufacturing and Operations,Manufacturing Technology,CONCORD ASSOCIATES PTE. LTD.,SSG-NON-WSQ,N
,TGS-2023018263,,,,,,Workplace Safety and Health Management,Workplace Safety and Health Practice,CONCORD ASSOCIATES PTE. LTD.,SSG-NON-WSQ,N
,TGS-2023018263,,,,,,Workplace Safety and Health Management,Workplace Safety and Health System Management,CONCORD ASSOCIATES PTE. LTD.,SSG-NON-WSQ,N
,TGS-2022012534,,,,,,Manufacturing and Operations,Manufacturing Technology,Building and Construction Authority,SSG-NON-WSQ,N
,TGS-2018508157,,,,,,Manufacturing and Operations,Manufacturing Technology,Nanyang Polytechnic,SSG-NON-WSQ,N
,TGS-2018508732,,,,,,Manufacturing and Operations,Manufacturing Technology,Republic Polytechnic,SSG-NON-WSQ,N
,TGS-2021002058,,,,,,Manufacturing and Operations,Manufacturing Technology,Singapore Polytechnic,SSG-NON-WSQ,N
,TGS-2021009221,,,,,,Manufacturing and Operations,Manufacturing Technology,Singapore Polytechnic,SSG-NON-WSQ,N
,TGS-2021009227,,,,,,Manufacturing and Operations,Manufacturing Technology,Singapore Polytechnic,SSG-NON-WSQ,N
,TGS-2022010640,,,,,,Manufacturing and Operations,Manufacturing Technology,Temasek Polytechnic,SSG-WSQ,N
,TGS-2021006758,,,,,,Manufacturing and Operations,Precision Measurement,HSA Chemical Metrology Division,SSG-NON-WSQ,N
,TGS-2021006759,,,,,,Manufacturing and Operations,Precision Measurement,HSA Chemical Metrology Division,SSG-NON-WSQ,N
,TGS-2021004056,,,,,,Network Technology Management,Augmented Reality Application,SINGAPORE MANAGEMENT UNIVERSITY,SSG-NON-WSQ,N
,TGS-2019508669,,,,,,Network Technology Management,Augmented Reality Application,Republic Polytechnic,SSG-NON-WSQ,N
,TGS-2019508680,,,,,,Network Technology Management,Augmented Reality Application,Republic Polytechnic,SSG-NON-WSQ,N
,TGS-2022016767,,,,,,Network Technology Management,Cyber Risk Management,NTUC LEARNINGHUB PTE. LTD.,SSG-WSQ,N
,TGS-2022017352,,,,,,Network Technology Management,Cyber Risk Management,NTUC LEARNINGHUB PTE. LTD.,SSG-WSQ,N
,TGS-2021002593,,,,,,Network Technology Management,Cyber Risk Management,SINGAPORE UNIVERSITY OF SOCIAL SCIENCES,SSG-NON-WSQ,N
,TGS-2020512973,,,,,,Network Technology Management,Cyber Risk Management,NATIONAL UNIVERSITY OF SINGAPORE,SSG-NON-WSQ,N
,TGS-2022012282,,,,,,Network Technology Management,Cyber Risk Management,EXIDA ASIA PACIFIC PTE. LTD.,SSG-NON-WSQ,N
,TGS-2021010285,,,,,,Network Technology Management,Cyber Risk Management,LONDON SCHOOL OF BUSINESS & FINANCE PTE. LTD.,SSG-WSQ,N
,TGS-2022011809,,,,,,Network Technology Management,Cyber Risk Management,"ACADEMY OF SECURITY, INTELLIGENCE AND RISK STUDIES PTE. LTD.",SSG-NON-WSQ,N
,TGS-2021010120,,,,,,Network Technology Management,Cyber Risk Management,Singapore Polytechnic,SSG-NON-WSQ,N
,TGS-2021009057,,,,,,Network Technology Management,User Experience Design,SSA ACADEMY PTE. LTD.,SSG-WSQ,N
,TGS-2022011370,,,,,,Network Technology Management,User Experience Design,CURIOUSCORE PTE. LTD.,SSG-NON-WSQ,N
,TGS-2020501245,,,,,,Network Technology Management,User Experience Design,PLAYEUM LTD.,SSG-NON-WSQ,N
,TGS-2020513687,,,,,,Network Technology Management,User Experience Design,OSMIUM PTE. LTD.,SSG-WSQ,N
,TGS-2019500402,,,,,,Network Technology Management,User Experience Design,Nanyang Polytechnic,SSG-NON-WSQ,N
,TGS-2022011231,,,,,,Network Technology Management,User Interface Design,BELLS ACADEMIC GROUP PTE. LTD.,SSG-WSQ,N
,TGS-2020503960,,,,,,Network Technology Management,User Interface Design,Institute of Technical Education,SSG-NON-WSQ,N
,TGS-2020503961,,,,,,Network Technology Management,User Interface Design,Institute of Technical Education,SSG-NON-WSQ,N
,TGS-2020513164,,,,,,Network Technology Management,User Interface Design,Institute of Technical Education,SSG-NON-WSQ,N
,TGS-2020513167,,,,,,Network Technology Management,User Interface Design,Institute of Technical Education,SSG-NON-WSQ,N
,TGS-2012501093,,,,,,Organisational Development,Change Management,SOCOTEC CERTIFICATION SINGAPORE PTE. LTD.,SSG-WSQ,N
,TGS-2021008351,,,,,,Organisational Development,Change Management,Ep-Tec Solutions Pte Ltd,SSG-NON-WSQ,N
,TGS-2021008353,,,,,,Organisational Development,Change Management,Ep-Tec Solutions Pte Ltd,SSG-NON-WSQ,N
,TGS-2023037381,,,,,,Organisational Development,Change Management,SINGAPORE UNIVERSITY OF SOCIAL SCIENCES,SSG-NON-WSQ,N
,TGS-2023037381,,,,,,Organisational Development,Vision Leadership,SINGAPORE UNIVERSITY OF SOCIAL SCIENCES,SSG-NON-WSQ,N
,TGS-2021004403,,,,,,Organisational Development,Change Management,Fitness Innovations (Singapore) Pte Ltd,SSG-NON-WSQ,N
,TGS-2020501622,,,,,,Organisational Development,Change Management,EON CONSULTING & TRAINING PTE. LTD.,SSG-NON-WSQ,N
,TGS-2023021854,,,,,,Organisational Development,Change Management,SINGAPORE INSTITUTE OF MANAGEMENT GROUP LIMITED,SSG-NON-WSQ,N
,TGS-2023021854,,,,,,Productivity and Innovation,Innovation Management,SINGAPORE INSTITUTE OF MANAGEMENT GROUP LIMITED,SSG-NON-WSQ,N
,TGS-2022012754,,,,,,Organisational Development,Change Management,Building and Construction Authority,SSG-NON-WSQ,N
,TGS-2022012757,,,,,,Organisational Development,Change Management,Building and Construction Authority,SSG-NON-WSQ,N
,TGS-2022013163,,,,,,Organisational Development,Change Management,Building and Construction Authority,SSG-NON-WSQ,N
,TGS-2020503886,,,,,,Organisational Development,Change Management,Institute of Technical Education,SSG-NON-WSQ,N
,TGS-2020503928,,,,,,Organisational Development,Change Management,Institute of Technical Education,SSG-NON-WSQ,N
,TGS-2020503955,,,,,,Organisational Development,Change Management,Institute of Technical Education,SSG-NON-WSQ,N
,TGS-2020513155,,,,,,Organisational Development,Change Management,Institute of Technical Education,SSG-NON-WSQ,N
,TGS-2020505478,,,,,,Organisational Development,Change Management,Ngee Ann Polytechnic,SSG-NON-WSQ,N
,TGS-2020505478,,,,,,Organisational Development,Conflict Management,Ngee Ann Polytechnic,SSG-NON-WSQ,N
,TGS-2021002068,,,,,,Organisational Development,Change Management,Singapore Polytechnic,SSG-NON-WSQ,N
,TGS-2021002068,,,,,,Productivity and Innovation,Continuous Process Improvement,Singapore Polytechnic,SSG-NON-WSQ,N
,TGS-2022011179,,,,,,Organisational Development,Change Management,Singapore Polytechnic,SSG-NON-WSQ,N
,TGS-2022011179,,,,,,Productivity and Innovation,Continuous Process Improvement,Singapore Polytechnic,SSG-NON-WSQ,N
,TGS-2022017592,,,,,,Organisational Development,Change Management,Singapore Polytechnic,SSG-NON-WSQ,N
,TGS-2022017592,,,,,,Productivity and Innovation,Continuous Process Improvement,Singapore Polytechnic,SSG-NON-WSQ,N
,TGS-2012500443,,,,,,Organisational Development,Conflict Management,TRAINING VISION INSTITUTE PTE. LTD.,SSG-WSQ,N
,TGS-2021009596,,,,,,Organisational Development,Conflict Management,CAPELLE ACADEMY PTE. LTD.,SSG-WSQ,N
,TGS-2023018403,,,,,,Organisational Development,Conflict Management,NTUC LEARNINGHUB PTE. LTD.,SSG-NON-WSQ,N
,TGS-2023037088,,,,,,Organisational Development,Conflict Management,SINGAPORE UNIVERSITY OF SOCIAL SCIENCES,SSG-NON-WSQ,N
,TGS-2022012293,,,,,,Organisational Development,Conflict Management,NATIONAL UNIVERSITY OF SINGAPORE,SSG-NON-WSQ,N
,TGS-2022012306,,,,,,Organisational Development,Conflict Management,NATIONAL UNIVERSITY OF SINGAPORE,SSG-NON-WSQ,N
,TGS-2020503824,,,,,,Organisational Development,Conflict Management,EDUQUEST INTERNATIONAL INSTITUTE PTE. LTD.,SSG-WSQ,N
,TGS-2020504338,,,,,,Organisational Development,Conflict Management,REC SOLAR PTE. LTD.,SSG-WSQ,N
,TGS-2013500226,,,,,,Organisational Development,Conflict Management,HUMAN CAPITAL (SINGAPORE) PTE. LTD.,SSG-WSQ,N
,TGS-2022011578,,,,,,Organisational Development,Conflict Management,SINGAPORE PRODUCTIVITY CENTRE PTE. LTD.,SSG-NON-WSQ,N
,TGS-2020503164,,,,,,Organisational Development,Conflict Management,EDULEARN INTERNATIONAL COLLEGE PTE. LTD.,SSG-WSQ,N
,TGS-2020501296,,,,,,Organisational Development,Conflict Management,Institute of Singapore Chartered Accountants,SSG-NON-WSQ,N
,TGS-2020501318,,,,,,Organisational Development,Conflict Management,Social Service Institute (SSI),SSG-NON-WSQ,N
,TGS-2020503304,,,,,,Organisational Development,Conflict Management,Social Service Institute (SSI),SSG-WSQ,N
,TGS-2020503305,,,,,,Organisational Development,Conflict Management,Social Service Institute (SSI),SSG-WSQ,N
,TGS-2021008466,,,,,,Organisational Development,Conflict Management,Social Service Institute (SSI),SSG-NON-WSQ,N
,TGS-2022015232,,,,,,Organisational Development,Conflict Management,Social Service Institute (SSI),SSG-WSQ,N
,TGS-2022017137,,,,,,Organisational Development,Conflict Management,Social Service Institute (SSI),SSG-WSQ,N
,TGS-2023019062,,,,,,Organisational Development,Conflict Management,Social Service Institute (SSI),SSG-WSQ,N
,TGS-2023022326,,,,,,Organisational Development,Conflict Management,Social Service Institute (SSI),SSG-NON-WSQ,N
,TGS-2023022331,,,,,,Organisational Development,Conflict Management,Social Service Institute (SSI),SSG-NON-WSQ,N
,TGS-2023037794,,,,,,Organisational Development,Conflict Management,Social Service Institute (SSI),SSG-NON-WSQ,N
,TGS-2020505351,,,,,,Organisational Development,Conflict Management,Ngee Ann Polytechnic,SSG-NON-WSQ,N
,TGS-2021008708,,,,,,Organisational Development,Conflict Management,Singapore Academy of Law,SSG-NON-WSQ,N
,TGS-2019504765,,,,,,Precision Manufacturing Process,Additive Manufacturing,TEXTILE AND FASHION INDUSTRY TRAINING CENTRE PTE LTD,SSG-NON-WSQ,N
,TGS-2019504765,,,,,,Productivity and Innovation,Innovation Management,TEXTILE AND FASHION INDUSTRY TRAINING CENTRE PTE LTD,SSG-NON-WSQ,N
,TGS-2020502909,,,,,,Precision Manufacturing Process,Additive Manufacturing,3DSENSE MEDIA SCHOOL PTE. LTD.,SSG-NON-WSQ,N
,TGS-2022011057,,,,,,Precision Manufacturing Process,Additive Manufacturing,NATIONAL UNIVERSITY OF SINGAPORE,SSG-NON-WSQ,N
,TGS-2019502777,,,,,,Precision Manufacturing Process,Cutting,TEXTILE AND FASHION INDUSTRY TRAINING CENTRE PTE LTD,SSG-NON-WSQ,N
,TGS-2019502796,,,,,,Precision Manufacturing Process,Cutting,TEXTILE AND FASHION INDUSTRY TRAINING CENTRE PTE LTD,SSG-NON-WSQ,N
,TGS-2019503373,,,,,,Precision Manufacturing Process,Cutting,TEXTILE AND FASHION INDUSTRY TRAINING CENTRE PTE LTD,SSG-NON-WSQ,N
,TGS-2019504077,,,,,,Precision Manufacturing Process,Cutting,TEXTILE AND FASHION INDUSTRY TRAINING CENTRE PTE LTD,SSG-NON-WSQ,N
,TGS-2019504798,,,,,,Precision Manufacturing Process,Cutting,TEXTILE AND FASHION INDUSTRY TRAINING CENTRE PTE LTD,SSG-NON-WSQ,N
,TGS-2022012142,,,,,,Precision Manufacturing Process,Cutting,TEXTILE AND FASHION INDUSTRY TRAINING CENTRE PTE LTD,SSG-NON-WSQ,N
,TGS-2022012144,,,,,,Precision Manufacturing Process,Cutting,TEXTILE AND FASHION INDUSTRY TRAINING CENTRE PTE LTD,SSG-NON-WSQ,N
,TGS-2022013935,,,,,,Precision Manufacturing Process,Cutting,TEXTILE AND FASHION INDUSTRY TRAINING CENTRE PTE LTD,SSG-NON-WSQ,N
,TGS-2022014429,,,,,,Precision Manufacturing Process,Cutting,TEXTILE AND FASHION INDUSTRY TRAINING CENTRE PTE LTD,SSG-NON-WSQ,N
,TGS-2022014437,,,,,,Precision Manufacturing Process,Cutting,TEXTILE AND FASHION INDUSTRY TRAINING CENTRE PTE LTD,SSG-NON-WSQ,N
,TGS-2021004402,,,,,,Precision Manufacturing Process,Cutting,Fitness Innovations (Singapore) Pte Ltd,SSG-NON-WSQ,N
,TGS-2022011471,,,,,,Precision Manufacturing Process,Cutting,TONI INTERNATIONAL COLLEGE OF AESTHETICS & PHYSIOLOGY PTE. LTD.,SSG-NON-WSQ,N
,TGS-2022013518,,,,,,Precision Manufacturing Process,Cutting,NANYANG ACADEMY OF FINE ARTS,SSG-NON-WSQ,N
,TGS-2019503333,,,,,,Precision Manufacturing Process,Cutting,Delta Senior School,SSG-WSQ,N
,TGS-2022015252,,,,,,Precision Manufacturing Process,Cutting,Delta Senior School,SSG-WSQ,N
,TGS-2022015252,,,,,,Precision Manufacturing Process,Product and Machine Assembly,Delta Senior School,SSG-WSQ,N
,TGS-2022011049,,,,,,Precision Manufacturing Process,Laser and Optics Application,NATIONAL UNIVERSITY OF SINGAPORE,SSG-NON-WSQ,N
,TGS-2022011053,,,,,,Precision Manufacturing Process,Laser and Optics Application,NATIONAL UNIVERSITY OF SINGAPORE,SSG-NON-WSQ,N
,TGS-2015502296,,,,,,Precision Manufacturing Process,Machining,Institute of Technical Education,SSG-NON-WSQ,N
,TGS-2022013498,,,,,,Precision Manufacturing Process,Material Joining,Building and Construction Authority,SSG-NON-WSQ,N
,TGS-2023022261,,,,,,Precision Manufacturing Process,Metal-based Additive Manufacturing,SIEMENS PTE. LTD.,SSG-NON-WSQ,N
,TGS-2020513172,,,,,,Precision Manufacturing Process,Non-Destructive Testing,Institute of Technical Education,SSG-NON-WSQ,N
,TGS-2021008117,,,,,,Precision Manufacturing Process,Non-Destructive Testing,Institute of Technical Education,SSG-NON-WSQ,N
,TGS-2023035637,,,,,,Precision Manufacturing Process,Polymeric Additive Manufacturing,NANYANG ACADEMY OF FINE ARTS,SSG-NON-WSQ,N
,TGS-2020502578,,,,,,Product Development,Engineering Product Design,TEXTILE AND FASHION INDUSTRY TRAINING CENTRE PTE LTD,SSG-NON-WSQ,N
,TGS-2022015246,,,,,,Product Development,Engineering Product Design,TEXTILE AND FASHION INDUSTRY TRAINING CENTRE PTE LTD,SSG-WSQ,N
,TGS-2022015277,,,,,,Product Development,Engineering Product Design,TEXTILE AND FASHION INDUSTRY TRAINING CENTRE PTE LTD,SSG-WSQ,N
,TGS-2022015442,,,,,,Product Development,Engineering Product Design,TEXTILE AND FASHION INDUSTRY TRAINING CENTRE PTE LTD,SSG-WSQ,N
,TGS-2022016019,,,,,,Product Development,Engineering Product Design,TEXTILE AND FASHION INDUSTRY TRAINING CENTRE PTE LTD,SSG-WSQ,N
,TGS-2023020754,,,,,,Product Development,Engineering Product Design,SINGAPORE MANAGEMENT UNIVERSITY,SSG-NON-WSQ,N
,TGS-2023020755,,,,,,Product Development,Engineering Product Design,SINGAPORE MANAGEMENT UNIVERSITY,SSG-NON-WSQ,N
,TGS-2020502796,,,,,,Product Development,Manufacturing Process Design,NATIONAL UNIVERSITY OF SINGAPORE,SSG-NON-WSQ,N
,TGS-2022015247,,,,,,Product Development,New Product Introduction,TEXTILE AND FASHION INDUSTRY TRAINING CENTRE PTE LTD,SSG-WSQ,N
,TGS-2020503941,,,,,,Production Management,Production Resource Management,DIGI-SMART CONSULTING PTE. LTD.,SSG-WSQ,N
,TGS-2020503941,,,,,,Value Engineering,Lean Manufacturing,DIGI-SMART CONSULTING PTE. LTD.,SSG-WSQ,N
,TGS-2022012763,,,,,,Production Management,Production Resource Management,Building and Construction Authority,SSG-NON-WSQ,N
,TGS-2014500037,,,,,,Productivity and Innovation,Continuous Process Improvement,KC ACADEMY PTE. LTD.,SSG-NON-WSQ,N
,TGS-2021009297,,,,,,Productivity and Innovation,Continuous Process Improvement,DIGI-SMART CONSULTING PTE. LTD.,SSG-WSQ,N
,TGS-2021009297,,,,,,Quality Management,Quality System Management,DIGI-SMART CONSULTING PTE. LTD.,SSG-WSQ,N
,TGS-2019504478,,,,,,Productivity and Innovation,Innovation Management,TEXTILE AND FASHION INDUSTRY TRAINING CENTRE PTE LTD,SSG-NON-WSQ,N
,TGS-2020503646,,,,,,Productivity and Innovation,Innovation Management,SINGAPORE MANAGEMENT UNIVERSITY,SSG-NON-WSQ,N
,TGS-2019504971,,,,,,Productivity and Innovation,Innovation Management,NTUC LEARNINGHUB PTE. LTD.,SSG-WSQ,N
,TGS-2022011572,,,,,,Productivity and Innovation,Innovation Management,NATIONAL UNIVERSITY OF SINGAPORE,SSG-NON-WSQ,N
,TGS-2022012290,,,,,,Productivity and Innovation,Innovation Management,NATIONAL UNIVERSITY OF SINGAPORE,SSG-NON-WSQ,N
,TGS-2022012408,,,,,,Productivity and Innovation,Innovation Management,GOLDEN COMPASS SCHOOL PTE. LTD.,SSG-WSQ,N
,TGS-2020503275,,,,,,Productivity and Innovation,Innovation Management,IPOS INTERNATIONAL PTE. LTD.,SSG-NON-WSQ,N
,TGS-2021006621,,,,,,Productivity and Innovation,Innovation Management,SUPPLY CHAIN & LOGISTICS ACADEMY PTE. LTD.,SSG-NON-WSQ,N
,TGS-2020503134,,,,,,Productivity and Innovation,Innovation Management,THE LEADERSHIP INSTITUTE PTE. LTD.,SSG-WSQ,N
,TGS-2023020653,,,,,,Productivity and Innovation,Innovation Management,SINGAPORE INSTITUTE OF MANAGEMENT GROUP LIMITED,SSG-NON-WSQ,N
,TGS-2021007323,,,,,,Productivity and Innovation,Innovation Management,I_NURTURE CONSULTANCY,SSG-WSQ,N
,TGS-2020503199,,,,,,Productivity and Innovation,Innovation Management,SINGAPORE CHINESE CHAMBER INSTITUTE OF BUSINESS,SSG-WSQ,N
,TGS-2022014127,,,,,,Productivity and Innovation,Innovation Management,Social Service Institute (SSI),SSG-NON-WSQ,N
,TGS-2021009228,,,,,,Productivity and Innovation,Innovation Management,Singapore Polytechnic,SSG-NON-WSQ,N
,TGS-2020503349,,,,,,Quality Management,Failure Analysis,WORK WORK PRIVATE LIMITED,SSG-WSQ,N
,TGS-2020503349,,,,,,Workplace Safety and Health Management,Workplace Safety and Health System Management,WORK WORK PRIVATE LIMITED,SSG-WSQ,N
,TGS-2022015449,,,,,,Quality Management,Quality System Management,TEXTILE AND FASHION INDUSTRY TRAINING CENTRE PTE LTD,SSG-WSQ,N
,TGS-2022013496,,,,,,Quality Management,Quality System Management,Building and Construction Authority,SSG-NON-WSQ,N
,TGS-2015502281,,,,,,Quality Management,Quality System Management,Institute of Technical Education,SSG-NON-WSQ,N
,TGS-2023020753,,,,,,Value Engineering,Carbon Footprint Management,SINGAPORE MANAGEMENT UNIVERSITY,SSG-NON-WSQ,N
,TGS-2023021275,,,,,,Value Engineering,Carbon Footprint Management,SINGAPORE MANAGEMENT UNIVERSITY,SSG-NON-WSQ,N
,TGS-2023037319,,,,,,Value Engineering,Carbon Footprint Management,SINGAPORE UNIVERSITY OF SOCIAL SCIENCES,SSG-NON-WSQ,N
,TGS-2023021051,,,,,,Value Engineering,Carbon Footprint Management,SINGAPORE PRODUCTIVITY CENTRE PTE. LTD.,SSG-NON-WSQ,N
,TGS-2023021168,,,,,,Value Engineering,Carbon Footprint Management,SINGAPORE PRODUCTIVITY CENTRE PTE. LTD.,SSG-NON-WSQ,N
,TGS-2021004986,,,,,,Value Engineering,Lean Manufacturing,OSMIUM PTE. LTD.,SSG-WSQ,N
,TGS-2022011849,,,,,,Workplace Safety and Health Management,Workplace Safety and Health Practice,BS TECHNOLOGY PTE LTD,SSG-WSQ,N
,TGS-2022011849,,,,,,Workplace Safety and Health Management,Workplace Safety and Health System Management,BS TECHNOLOGY PTE LTD,SSG-WSQ,N
,TGS-2022011857,,,,,,Workplace Safety and Health Management,Workplace Safety and Health Practice,BS TECHNOLOGY PTE LTD,SSG-WSQ,N
,TGS-2022017073,,,,,,Workplace Safety and Health Management,Workplace Safety and Health Practice,BS TECHNOLOGY PTE LTD,SSG-WSQ,N
,TGS-2020503385,,,,,,Workplace Safety and Health Management,Workplace Safety and Health Practice,ABSOLUTE KINETICS CONSULTANCY PTE LTD,SSG-WSQ,N
,TGS-2011501020,,,,,,Workplace Safety and Health Management,Workplace Safety and Health Practice,NTUC LEARNINGHUB PTE. LTD.,SSG-WSQ,N
,TGS-2011501020,,,,,,Workplace Safety and Health Management,Workplace Safety and Health System Management,NTUC LEARNINGHUB PTE. LTD.,SSG-WSQ,N
,TGS-2014500537,,,,,,Workplace Safety and Health Management,Workplace Safety and Health Practice,NTUC LEARNINGHUB PTE. LTD.,SSG-WSQ,N
,TGS-2020513060,,,,,,Workplace Safety and Health Management,Workplace Safety and Health Practice,NTUC LEARNINGHUB PTE. LTD.,SSG-WSQ,N
,TGS-2020513060,,,,,,Workplace Safety and Health Management,Workplace Safety and Health System Management,NTUC LEARNINGHUB PTE. LTD.,SSG-WSQ,N
,TGS-2022013501,,,,,,Workplace Safety and Health Management,Workplace Safety and Health Practice,AAT TRAINING HUB PTE. LTD.,SSG-WSQ,N
,TGS-2022015312,,,,,,Workplace Safety and Health Management,Workplace Safety and Health Practice,AAT TRAINING HUB PTE. LTD.,SSG-WSQ,N
,TGS-2023037099,,,,,,Workplace Safety and Health Management,Workplace Safety and Health Practice,SINGAPORE UNIVERSITY OF SOCIAL SCIENCES,SSG-NON-WSQ,N
,TGS-2022013025,,,,,,Workplace Safety and Health Management,Workplace Safety and Health Practice,CONCORD ASSOCIATES PTE. LTD.,SSG-NON-WSQ,N
,TGS-2022013025,,,,,,Workplace Safety and Health Management,Workplace Safety and Health System Management,CONCORD ASSOCIATES PTE. LTD.,SSG-NON-WSQ,N
,TGS-2023018235,,,,,,Workplace Safety and Health Management,Workplace Safety and Health Practice,AVANTA GLOBAL PTE. LTD.,SSG-WSQ,N
,TGS-2023018235,,,,,,Workplace Safety and Health Management,Workplace Safety and Health System Management,AVANTA GLOBAL PTE. LTD.,SSG-WSQ,N
,TGS-2020503686,,,,,,Workplace Safety and Health Management,Workplace Safety and Health Practice,DV TRAINING SERVICES PTE. LTD.,SSG-WSQ,N
,TGS-2020501125,,,,,,Workplace Safety and Health Management,Workplace Safety and Health Practice,A-BIDE SAFETY SOLUTIONS PTE. LTD.,SSG-NON-WSQ,N
,TGS-2020501125,,,,,,Workplace Safety and Health Management,Workplace Safety and Health System Management,A-BIDE SAFETY SOLUTIONS PTE. LTD.,SSG-NON-WSQ,N
,TGS-2021004875,,,,,,Workplace Safety and Health Management,Workplace Safety and Health Practice,A-BIDE SAFETY SOLUTIONS PTE. LTD.,SSG-NON-WSQ,N
,TGS-2021004875,,,,,,Workplace Safety and Health Management,Workplace Safety and Health System Management,A-BIDE SAFETY SOLUTIONS PTE. LTD.,SSG-NON-WSQ,N
,TGS-2021008995,,,,,,Workplace Safety and Health Management,Workplace Safety and Health Practice,AAARYA BUSINESS COLLEGE PTE. LTD.,SSG-WSQ,N
,TGS-2021008995,,,,,,Workplace Safety and Health Management,Workplace Safety and Health System Management,AAARYA BUSINESS COLLEGE PTE. LTD.,SSG-WSQ,N
,TGS-2017501499,,,,,,Workplace Safety and Health Management,Workplace Safety and Health Practice,THE PAN PACIFIC HOTEL SINGAPORE,SSG-WSQ,N
,TGS-2017501499,,,,,,Workplace Safety and Health Management,Workplace Safety and Health System Management,THE PAN PACIFIC HOTEL SINGAPORE,SSG-WSQ,N
,TGS-2017501110,,,,,,Workplace Safety and Health Management,Workplace Safety and Health Practice,Delta Senior School,SSG-WSQ,N
,TGS-2021010296,,,,,,Workplace Safety and Health Management,Workplace Safety and Health Practice,Delta Senior School,SSG-WSQ,N
,TGS-2021010296,,,,,,Workplace Safety and Health Management,Workplace Safety and Health System Management,Delta Senior School,SSG-WSQ,N
,TGS-2020510516,,,,,,Workplace Safety and Health Management,Workplace Safety and Health Practice,Institute of Technical Education,SSG-NON-WSQ,N
,TGS-2018508820,,,,,,Workplace Safety and Health Management,Workplace Safety and Health Practice,Singapore Polytechnic,SSG-NON-WSQ,N
,TGS-2022011180,,,,,,Workplace Safety and Health Management,Workplace Safety and Health Practice,Singapore Polytechnic,SSG-NON-WSQ,N
,TGS-2021002541,,,,,,Workplace Safety and Health Management,Workplace Safety and Health System Management,EVERSAFE ACADEMY PTE. LTD.,SSG-NON-WSQ,N
,TGS-2022012652,,,,,,Workplace Safety and Health Management,Workplace Safety and Health System Management,AAARYA BUSINESS COLLEGE PTE. LTD.,SSG-WSQ,N
,TGS-2019504902,,,,,,Workplace Safety and Health Management,Workplace Safety and Health System Management,SINGAPORE CHINESE CHAMBER INSTITUTE OF BUSINESS,SSG-WSQ,N
